accuracy,precision,recall,f1
0.62,0.6818181818181818,0.837378640776699,0.7516339869281046
