accuracy,precision,recall,f1
0.5433333333333333,0.715625,0.5558252427184466,0.6256830601092896
