accuracy,precision,recall,f1
0.685,0.6861435726210351,0.9975728155339806,0.8130563798219584
