accuracy,precision,recall,f1
0.93,0.9383886255924171,0.9611650485436893,0.9496402877697842
